,BarcodeSequence,LinkerPrimerSequence,RevBarcodeSequence,ReversePrimer,phinchID,DemuxReads,Treatment,Sample,X.Plant,Tree_Host,MH_Host,Distance,Sample_ID,Sample_Type,Transect
CS1-10N-S50,R1,CTTGGTCATTTAGAGGAAGTAA,no_data,GCTGCGTTCTTCATCGATGC,CS1-10N-S50,179396,no_data,CS1-10N,1,Red_Fir,Corallorhiza,10,CS1-10N-S50,Soil,1
CS1-10W-S62,R1,CTTGGTCATTTAGAGGAAGTAA,no_data,GCTGCGTTCTTCATCGATGC,CS1-10W-S62,76489,no_data,CS1-10W,1,Red_Fir,Corallorhiza,10,CS1-10W-S62,Soil,2
CS1-10tips-S101,R1,CTTGGTCATTTAGAGGAAGTAA,no_data,GCTGCGTTCTTCATCGATGC,CS1-10tips-S101,141270,no_data,CS1-10tips,1,Red_Fir,Corallorhiza,10,CS1-10tips-S101,Tips,
CS1-50N-S49,R1,CTTGGTCATTTAGAGGAAGTAA,no_data,GCTGCGTTCTTCATCGATGC,CS1-50N-S49,47666,no_data,CS1-50N,1,Red_Fir,Corallorhiza,50,CS1-50N-S49,Soil,1
CS1-50W-S61,R1,CTTGGTCATTTAGAGGAAGTAA,no_data,GCTGCGTTCTTCATCGATGC,CS1-50W-S61,123698,no_data,CS1-50W,1,Red_Fir,Corallorhiza,50,CS1-50W-S61,Soil,2
CS1-50tips-S100,R1,CTTGGTCATTTAGAGGAAGTAA,no_data,GCTGCGTTCTTCATCGATGC,CS1-50tips-S100,166831,no_data,CS1-50tips,1,Red_Fir,Corallorhiza,50,CS1-50tips-S100,Tips,
CS1-100N-S64,R1,CTTGGTCATTTAGAGGAAGTAA,no_data,GCTGCGTTCTTCATCGATGC,CS1-100N-S64,126964,no_data,CS1-100N,1,Red_Fir,Corallorhiza,100,CS1-100N-S64,Soil,1
CS1-100W-S60,R1,CTTGGTCATTTAGAGGAAGTAA,no_data,GCTGCGTTCTTCATCGATGC,CS1-100W-S60,171544,no_data,CS1-100W,1,Red_Fir,Corallorhiza,100,CS1-100W-S60,Soil,2
CS1-100tips-S99,R1,CTTGGTCATTTAGAGGAAGTAA,no_data,GCTGCGTTCTTCATCGATGC,CS1-100tips-S99,4254,no_data,CS1-100tips,1,Red_Fir,Corallorhiza,100,CS1-100tips-S99,Tips,
CS1-500N-S63,R1,CTTGGTCATTTAGAGGAAGTAA,no_data,GCTGCGTTCTTCATCGATGC,CS1-500N-S63,64078,no_data,CS1-500N,1,Red_Fir,Corallorhiza,500,CS1-500N-S63,Soil,1
CS1-500W-S59,R1,CTTGGTCATTTAGAGGAAGTAA,no_data,GCTGCGTTCTTCATCGATGC,CS1-500W-S59,118112,no_data,CS1-500W,1,Red_Fir,Corallorhiza,500,CS1-500W-S59,Soil,2
CS1-500tips-S98,R1,CTTGGTCATTTAGAGGAAGTAA,no_data,GCTGCGTTCTTCATCGATGC,CS1-500tips-S98,998,no_data,CS1-500tips,1,Red_Fir,Corallorhiza,500,CS1-500tips-S98,Tips,
CS1RB-S90,R1,CTTGGTCATTTAGAGGAAGTAA,no_data,GCTGCGTTCTTCATCGATGC,CS1RB-S90,133804,no_data,CS1RB,1,Red_Fir,Corallorhiza,0,CS1RB-S90,Soil,0
CS2-10N-S58,R1,CTTGGTCATTTAGAGGAAGTAA,no_data,GCTGCGTTCTTCATCGATGC,CS2-10N-S58,90120,no_data,CS2-10N,2,Red_Fir,Corallorhiza,10,CS2-10N-S58,Soil,1
CS2-10W-S70,R1,CTTGGTCATTTAGAGGAAGTAA,no_data,GCTGCGTTCTTCATCGATGC,CS2-10W-S70,106503,no_data,CS2-10W,2,Red_Fir,Corallorhiza,10,CS2-10W-S70,Soil,2
CS2-10tips-S97,R1,CTTGGTCATTTAGAGGAAGTAA,no_data,GCTGCGTTCTTCATCGATGC,CS2-10tips-S97,185912,no_data,CS2-10tips,2,Red_Fir,Corallorhiza,10,CS2-10tips-S97,Tips,
CS2-50N-S57,R1,CTTGGTCATTTAGAGGAAGTAA,no_data,GCTGCGTTCTTCATCGATGC,CS2-50N-S57,80285,no_data,CS2-50N,2,Red_Fir,Corallorhiza,50,CS2-50N-S57,Soil,1
CS2-50W-S69,R1,CTTGGTCATTTAGAGGAAGTAA,no_data,GCTGCGTTCTTCATCGATGC,CS2-50W-S69,127710,no_data,CS2-50W,2,Red_Fir,Corallorhiza,50,CS2-50W-S69,Soil,2
CS2-100N-S72,R1,CTTGGTCATTTAGAGGAAGTAA,no_data,GCTGCGTTCTTCATCGATGC,CS2-100N-S72,111232,no_data,CS2-100N,2,Red_Fir,Corallorhiza,100,CS2-100N-S72,Soil,1
CS2-100W-S68,R1,CTTGGTCATTTAGAGGAAGTAA,no_data,GCTGCGTTCTTCATCGATGC,CS2-100W-S68,62586,no_data,CS2-100W,2,Red_Fir,Corallorhiza,100,CS2-100W-S68,Soil,2
CS2-100tips-S111,R1,CTTGGTCATTTAGAGGAAGTAA,no_data,GCTGCGTTCTTCATCGATGC,CS2-100tips-S111,183593,no_data,CS2-100tips,2,Red_Fir,Corallorhiza,100,CS2-100tips-S111,Tips,
CS2-500N-S71,R1,CTTGGTCATTTAGAGGAAGTAA,no_data,GCTGCGTTCTTCATCGATGC,CS2-500N-S71,25554,no_data,CS2-500N,2,Red_Fir,Corallorhiza,500,CS2-500N-S71,Soil,1
CS2-500W-S67,R1,CTTGGTCATTTAGAGGAAGTAA,no_data,GCTGCGTTCTTCATCGATGC,CS2-500W-S67,9865,no_data,CS2-500W,2,Red_Fir,Corallorhiza,500,CS2-500W-S67,Soil,2
CS2-500tips-S110,R1,CTTGGTCATTTAGAGGAAGTAA,no_data,GCTGCGTTCTTCATCGATGC,CS2-500tips-S110,102362,no_data,CS2-500tips,2,Red_Fir,Corallorhiza,500,CS2-500tips-S110,Tips,
CS2RB-S89,R1,CTTGGTCATTTAGAGGAAGTAA,no_data,GCTGCGTTCTTCATCGATGC,CS2RB-S89,48077,no_data,CS2RB,2,Red_Fir,Corallorhiza,0,CS2RB-S89,Soil,0
CS3-10NE-S66,R1,CTTGGTCATTTAGAGGAAGTAA,no_data,GCTGCGTTCTTCATCGATGC,CS3-10NE-S66,104061,no_data,CS3-10NE,3,Red_Fir,Corallorhiza,10,CS3-10NE-S66,Soil,1
CS3-10SW-S78,R1,CTTGGTCATTTAGAGGAAGTAA,no_data,GCTGCGTTCTTCATCGATGC,CS3-10SW-S78,69166,no_data,CS3-10SW,3,Red_Fir,Corallorhiza,10,CS3-10SW-S78,Soil,2
CS3-10tips-S109,R1,CTTGGTCATTTAGAGGAAGTAA,no_data,GCTGCGTTCTTCATCGATGC,CS3-10tips-S109,103216,no_data,CS3-10tips,3,Red_Fir,Corallorhiza,10,CS3-10tips-S109,Tips,
CS3-50NE-S65,R1,CTTGGTCATTTAGAGGAAGTAA,no_data,GCTGCGTTCTTCATCGATGC,CS3-50NE-S65,78624,no_data,CS3-50NE,3,Red_Fir,Corallorhiza,50,CS3-50NE-S65,Soil,1
CS3-50SW-S77,R1,CTTGGTCATTTAGAGGAAGTAA,no_data,GCTGCGTTCTTCATCGATGC,CS3-50SW-S77,86128,no_data,CS3-50SW,3,Red_Fir,Corallorhiza,50,CS3-50SW-S77,Soil,2
CS3-50tips-S108,R1,CTTGGTCATTTAGAGGAAGTAA,no_data,GCTGCGTTCTTCATCGATGC,CS3-50tips-S108,94008,no_data,CS3-50tips,3,Red_Fir,Corallorhiza,50,CS3-50tips-S108,Tips,
CS3-100NE-S80,R1,CTTGGTCATTTAGAGGAAGTAA,no_data,GCTGCGTTCTTCATCGATGC,CS3-100NE-S80,106232,no_data,CS3-100NE,3,Red_Fir,Corallorhiza,100,CS3-100NE-S80,Soil,1
CS3-100SW-S76,R1,CTTGGTCATTTAGAGGAAGTAA,no_data,GCTGCGTTCTTCATCGATGC,CS3-100SW-S76,113374,no_data,CS3-100SW,3,Red_Fir,Corallorhiza,100,CS3-100SW-S76,Soil,2
CS3-100tips-S107,R1,CTTGGTCATTTAGAGGAAGTAA,no_data,GCTGCGTTCTTCATCGATGC,CS3-100tips-S107,69420,no_data,CS3-100tips,3,Red_Fir,Corallorhiza,100,CS3-100tips-S107,Tips,
CS3-500NE-S79,R1,CTTGGTCATTTAGAGGAAGTAA,no_data,GCTGCGTTCTTCATCGATGC,CS3-500NE-S79,111209,no_data,CS3-500NE,3,Red_Fir,Corallorhiza,500,CS3-500NE-S79,Soil,1
CS3-500SW-S75,R1,CTTGGTCATTTAGAGGAAGTAA,no_data,GCTGCGTTCTTCATCGATGC,CS3-500SW-S75,71871,no_data,CS3-500SW,3,Red_Fir,Corallorhiza,500,CS3-500SW-S75,Soil,2
CS3-500tips-S106,R1,CTTGGTCATTTAGAGGAAGTAA,no_data,GCTGCGTTCTTCATCGATGC,CS3-500tips-S106,131280,no_data,CS3-500tips,3,Red_Fir,Corallorhiza,500,CS3-500tips-S106,Tips,
CS4-10NE-S74,R1,CTTGGTCATTTAGAGGAAGTAA,no_data,GCTGCGTTCTTCATCGATGC,CS4-10NE-S74,130993,no_data,CS4-10NE,4,Red_Fir,Corallorhiza,10,CS4-10NE-S74,Soil,1
CS4-10SE-S86,R1,CTTGGTCATTTAGAGGAAGTAA,no_data,GCTGCGTTCTTCATCGATGC,CS4-10SE-S86,62091,no_data,CS4-10SE,4,Red_Fir,Corallorhiza,10,CS4-10SE-S86,Soil,2
CS4-10tips-S105,R1,CTTGGTCATTTAGAGGAAGTAA,no_data,GCTGCGTTCTTCATCGATGC,CS4-10tips-S105,91564,no_data,CS4-10tips,4,Red_Fir,Corallorhiza,10,CS4-10tips-S105,Tips,
CS4-50NE-S73,R1,CTTGGTCATTTAGAGGAAGTAA,no_data,GCTGCGTTCTTCATCGATGC,CS4-50NE-S73,83758,no_data,CS4-50NE,4,Red_Fir,Corallorhiza,50,CS4-50NE-S73,Soil,1
CS4-50SE-S85,R1,CTTGGTCATTTAGAGGAAGTAA,no_data,GCTGCGTTCTTCATCGATGC,CS4-50SE-S85,87071,no_data,CS4-50SE,4,Red_Fir,Corallorhiza,50,CS4-50SE-S85,Soil,2
CS4-50tips-S120,R1,CTTGGTCATTTAGAGGAAGTAA,no_data,GCTGCGTTCTTCATCGATGC,CS4-50tips-S120,57698,no_data,CS4-50tips,4,Red_Fir,Corallorhiza,50,CS4-50tips-S120,Tips,
CS4-100NE-S88,R1,CTTGGTCATTTAGAGGAAGTAA,no_data,GCTGCGTTCTTCATCGATGC,CS4-100NE-S88,101678,no_data,CS4-100NE,4,Red_Fir,Corallorhiza,100,CS4-100NE-S88,Soil,1
CS4-100SE-S84,R1,CTTGGTCATTTAGAGGAAGTAA,no_data,GCTGCGTTCTTCATCGATGC,CS4-100SE-S84,42656,no_data,CS4-100SE,4,Red_Fir,Corallorhiza,100,CS4-100SE-S84,Soil,2
CS4-100tips-S119,R1,CTTGGTCATTTAGAGGAAGTAA,no_data,GCTGCGTTCTTCATCGATGC,CS4-100tips-S119,38276,no_data,CS4-100tips,4,Red_Fir,Corallorhiza,100,CS4-100tips-S119,Tips,
CS4-500NE-S87,R1,CTTGGTCATTTAGAGGAAGTAA,no_data,GCTGCGTTCTTCATCGATGC,CS4-500NE-S87,100895,no_data,CS4-500NE,4,Red_Fir,Corallorhiza,500,CS4-500NE-S87,Soil,1
CS4-500SE-S83,R1,CTTGGTCATTTAGAGGAAGTAA,no_data,GCTGCGTTCTTCATCGATGC,CS4-500SE-S83,118749,no_data,CS4-500SE,4,Red_Fir,Corallorhiza,500,CS4-500SE-S83,Soil,2
CS4-500tips-S118,R1,CTTGGTCATTTAGAGGAAGTAA,no_data,GCTGCGTTCTTCATCGATGC,CS4-500tips-S118,86454,no_data,CS4-500tips,4,Red_Fir,Corallorhiza,500,CS4-500tips-S118,Tips,
CS5-10E-S94,R1,CTTGGTCATTTAGAGGAAGTAA,no_data,GCTGCGTTCTTCATCGATGC,CS5-10E-S94,107142,no_data,CS5-10E,5,Red_Fir,Corallorhiza,10,CS5-10E-S94,Soil,1
CS5-10W-S82,R1,CTTGGTCATTTAGAGGAAGTAA,no_data,GCTGCGTTCTTCATCGATGC,CS5-10W-S82,97224,no_data,CS5-10W,5,Red_Fir,Corallorhiza,10,CS5-10W-S82,Soil,2
CS5-10tips-S117,R1,CTTGGTCATTTAGAGGAAGTAA,no_data,GCTGCGTTCTTCATCGATGC,CS5-10tips-S117,78331,no_data,CS5-10tips,5,Red_Fir,Corallorhiza,10,CS5-10tips-S117,Tips,
CS5-50E-S93,R1,CTTGGTCATTTAGAGGAAGTAA,no_data,GCTGCGTTCTTCATCGATGC,CS5-50E-S93,82971,no_data,CS5-50E,5,Red_Fir,Corallorhiza,50,CS5-50E-S93,Soil,1
CS5-50W-S81,R1,CTTGGTCATTTAGAGGAAGTAA,no_data,GCTGCGTTCTTCATCGATGC,CS5-50W-S81,122684,no_data,CS5-50W,5,Red_Fir,Corallorhiza,50,CS5-50W-S81,Soil,2
CS5-50tips-S116,R1,CTTGGTCATTTAGAGGAAGTAA,no_data,GCTGCGTTCTTCATCGATGC,CS5-50tips-S116,54551,no_data,CS5-50tips,5,Red_Fir,Corallorhiza,50,CS5-50tips-S116,Tips,
CS5-100E-S92,R1,CTTGGTCATTTAGAGGAAGTAA,no_data,GCTGCGTTCTTCATCGATGC,CS5-100E-S92,89307,no_data,CS5-100E,5,Red_Fir,Corallorhiza,100,CS5-100E-S92,Soil,1
CS5-100W-S96,R1,CTTGGTCATTTAGAGGAAGTAA,no_data,GCTGCGTTCTTCATCGATGC,CS5-100W-S96,65626,no_data,CS5-100W,5,Red_Fir,Corallorhiza,100,CS5-100W-S96,Soil,2
CS5-100tips-S115,R1,CTTGGTCATTTAGAGGAAGTAA,no_data,GCTGCGTTCTTCATCGATGC,CS5-100tips-S115,120577,no_data,CS5-100tips,5,Red_Fir,Corallorhiza,100,CS5-100tips-S115,Tips,
CS5-500E-S91,R1,CTTGGTCATTTAGAGGAAGTAA,no_data,GCTGCGTTCTTCATCGATGC,CS5-500E-S91,66733,no_data,CS5-500E,5,Red_Fir,Corallorhiza,500,CS5-500E-S91,Soil,1
CS5-500W-S95,R1,CTTGGTCATTTAGAGGAAGTAA,no_data,GCTGCGTTCTTCATCGATGC,CS5-500W-S95,52839,no_data,CS5-500W,5,Red_Fir,Corallorhiza,500,CS5-500W-S95,Soil,2
CS5-500tips-S114,R1,CTTGGTCATTTAGAGGAAGTAA,no_data,GCTGCGTTCTTCATCGATGC,CS5-500tips-S114,95566,no_data,CS5-500tips,5,Red_Fir,Corallorhiza,500,CS5-500tips-S114,Tips,
CS-50tips-S112,R1,CTTGGTCATTTAGAGGAAGTAA,no_data,GCTGCGTTCTTCATCGATGC,CS2-50tips-S112,100116,no_data,CS2-50tips,2,Red_Fir,Corallorhiza,50,CS-50tips-S112,Tips,
CSRB1tips-S113,R1,CTTGGTCATTTAGAGGAAGTAA,no_data,GCTGCGTTCTTCATCGATGC,CSRB1tips-S113,61761,no_data,CSRB1tips,1,Red_Fir,Corallorhiza,0,CSRB1tips-S113,Tips,
CSRB2tips-S128,R1,CTTGGTCATTTAGAGGAAGTAA,no_data,GCTGCGTTCTTCATCGATGC,CSRB2tips-S128,163415,no_data,CSRB2tips,2,Red_Fir,Corallorhiza,0,CSRB2tips-S128,Tips,
CSRB3-S104,R1,CTTGGTCATTTAGAGGAAGTAA,no_data,GCTGCGTTCTTCATCGATGC,CSRB3-S104,99613,no_data,CSRB3,3,Red_Fir,Corallorhiza,0,CSRB3-S104,Soil,0
CSRB3tips-S127,R1,CTTGGTCATTTAGAGGAAGTAA,no_data,GCTGCGTTCTTCATCGATGC,CSRB3tips-S127,126037,no_data,CSRB3tips,2,Red_Fir,Corallorhiza,0,CSRB3tips-S127,Tips,
CSRB4-S103,R1,CTTGGTCATTTAGAGGAAGTAA,no_data,GCTGCGTTCTTCATCGATGC,CSRB4-S103,29,no_data,CSRB4,4,Red_Fir,Corallorhiza,0,CSRB4-S103,Soil,0
CSRB4tips-S126,R1,CTTGGTCATTTAGAGGAAGTAA,no_data,GCTGCGTTCTTCATCGATGC,CSRB4tips-S126,121672,no_data,CSRB4tips,4,Red_Fir,Corallorhiza,0,CSRB4tips-S126,Tips,
CSRB5-S102,R1,CTTGGTCATTTAGAGGAAGTAA,no_data,GCTGCGTTCTTCATCGATGC,CSRB5-S102,119084,no_data,CSRB5,5,Red_Fir,Corallorhiza,0,CSRB5-S102,Soil,0
CSRB5tips-S125,R1,CTTGGTCATTTAGAGGAAGTAA,no_data,GCTGCGTTCTTCATCGATGC,CSRB5tips-S125,137769,no_data,CSRB5tips,5,Red_Fir,Corallorhiza,0,CSRB5tips-S125,Tips,
SS1-10N-S8,R1,CTTGGTCATTTAGAGGAAGTAA,no_data,GCTGCGTTCTTCATCGATGC,SS1-10N-S8,58437,no_data,SS1-10N,1,White_Fir,Sarcodes,10,SS1-10N-S8,Soil,1
SS1-10W-S4,R1,CTTGGTCATTTAGAGGAAGTAA,no_data,GCTGCGTTCTTCATCGATGC,SS1-10W-S4,48383,no_data,SS1-10W,1,White_Fir,Sarcodes,10,SS1-10W-S4,Soil,2
SS1-50N-S7,R1,CTTGGTCATTTAGAGGAAGTAA,no_data,GCTGCGTTCTTCATCGATGC,SS1-50N-S7,55065,no_data,SS1-50N,1,White_Fir,Sarcodes,50,SS1-50N-S7,Soil,1
SS1-50W-S3,R1,CTTGGTCATTTAGAGGAAGTAA,no_data,GCTGCGTTCTTCATCGATGC,SS1-50W-S3,62406,no_data,SS1-50W,1,White_Fir,Sarcodes,50,SS1-50W-S3,Soil,2
SS1-100N-S6,R1,CTTGGTCATTTAGAGGAAGTAA,no_data,GCTGCGTTCTTCATCGATGC,SS1-100N-S6,49178,no_data,SS1-100N,1,White_Fir,Sarcodes,100,SS1-100N-S6,Soil,1
SS1-100W-S2,R1,CTTGGTCATTTAGAGGAAGTAA,no_data,GCTGCGTTCTTCATCGATGC,SS1-100W-S2,48048,no_data,SS1-100W,1,White_Fir,Sarcodes,100,SS1-100W-S2,Soil,2
SS1-500N-S5,R1,CTTGGTCATTTAGAGGAAGTAA,no_data,GCTGCGTTCTTCATCGATGC,SS1-500N-S5,42431,no_data,SS1-500N,1,White_Fir,Sarcodes,500,SS1-500N-S5,Soil,1
SS1-500W-S1,R1,CTTGGTCATTTAGAGGAAGTAA,no_data,GCTGCGTTCTTCATCGATGC,SS1-500W-S1,26551,no_data,SS1-500W,1,White_Fir,Sarcodes,500,SS1-500W-S1,Soil,2
SS2-10N-S16,R1,CTTGGTCATTTAGAGGAAGTAA,no_data,GCTGCGTTCTTCATCGATGC,SS2-10N-S16,55550,no_data,SS2-10N,2,White_Fir,Sarcodes,10,SS2-10N-S16,Soil,1
SS2-10SE-S12,R1,CTTGGTCATTTAGAGGAAGTAA,no_data,GCTGCGTTCTTCATCGATGC,SS2-10SE-S12,61118,no_data,SS2-10SE,2,White_Fir,Sarcodes,10,SS2-10SE-S12,Soil,2
SS2-50N-S15,R1,CTTGGTCATTTAGAGGAAGTAA,no_data,GCTGCGTTCTTCATCGATGC,SS2-50N-S15,74919,no_data,SS2-50N,2,White_Fir,Sarcodes,50,SS2-50N-S15,Soil,1
SS2-50SE-S11,R1,CTTGGTCATTTAGAGGAAGTAA,no_data,GCTGCGTTCTTCATCGATGC,SS2-50SE-S11,87815,no_data,SS2-50SE,2,White_Fir,Sarcodes,50,SS2-50SE-S11,Soil,2
SS2-100N-S14,R1,CTTGGTCATTTAGAGGAAGTAA,no_data,GCTGCGTTCTTCATCGATGC,SS2-100N-S14,64489,no_data,SS2-100N,2,White_Fir,Sarcodes,100,SS2-100N-S14,Soil,1
SS2-100SE-S10,R1,CTTGGTCATTTAGAGGAAGTAA,no_data,GCTGCGTTCTTCATCGATGC,SS2-100SE-S10,69288,no_data,SS2-100SE,2,White_Fir,Sarcodes,100,SS2-100SE-S10,Soil,2
SS2-500N-S13,R1,CTTGGTCATTTAGAGGAAGTAA,no_data,GCTGCGTTCTTCATCGATGC,SS2-500N-S13,94484,no_data,SS2-500N,2,White_Fir,Sarcodes,500,SS2-500N-S13,Soil,1
SS2-500SE-S9,R1,CTTGGTCATTTAGAGGAAGTAA,no_data,GCTGCGTTCTTCATCGATGC,SS2-500SE-S9,47499,no_data,SS2-500SE,2,White_Fir,Sarcodes,500,SS2-500SE-S9,Soil,2
SS3-10E-S20,R1,CTTGGTCATTTAGAGGAAGTAA,no_data,GCTGCGTTCTTCATCGATGC,SS3-10E-S20,92465,no_data,SS3-10E,3,White_Fir,Sarcodes,10,SS3-10E-S20,Soil,1
SS3-10W-S24,R1,CTTGGTCATTTAGAGGAAGTAA,no_data,GCTGCGTTCTTCATCGATGC,SS3-10W-S24,81512,no_data,SS3-10W,3,White_Fir,Sarcodes,10,SS3-10W-S24,Soil,2
SS3-50E-S19,R1,CTTGGTCATTTAGAGGAAGTAA,no_data,GCTGCGTTCTTCATCGATGC,SS3-50E-S19,108753,no_data,SS3-50E,3,White_Fir,Sarcodes,50,SS3-50E-S19,Soil,1
SS3-50W-S23,R1,CTTGGTCATTTAGAGGAAGTAA,no_data,GCTGCGTTCTTCATCGATGC,SS3-50W-S23,76665,no_data,SS3-50W,3,White_Fir,Sarcodes,50,SS3-50W-S23,Soil,2
SS3-100E-S18,R1,CTTGGTCATTTAGAGGAAGTAA,no_data,GCTGCGTTCTTCATCGATGC,SS3-100E-S18,85174,no_data,SS3-100E,3,White_Fir,Sarcodes,100,SS3-100E-S18,Soil,1
SS3-100W-S22,R1,CTTGGTCATTTAGAGGAAGTAA,no_data,GCTGCGTTCTTCATCGATGC,SS3-100W-S22,65400,no_data,SS3-100W,3,White_Fir,Sarcodes,100,SS3-100W-S22,Soil,2
SS3-500E-S17,R1,CTTGGTCATTTAGAGGAAGTAA,no_data,GCTGCGTTCTTCATCGATGC,SS3-500E-S17,121402,no_data,SS3-500E,3,White_Fir,Sarcodes,500,SS3-500E-S17,Soil,1
SS3-500W-S21,R1,CTTGGTCATTTAGAGGAAGTAA,no_data,GCTGCGTTCTTCATCGATGC,SS3-500W-S21,64526,no_data,SS3-500W,3,White_Fir,Sarcodes,500,SS3-500W-S21,Soil,2
SS4-10N-S32,R1,CTTGGTCATTTAGAGGAAGTAA,no_data,GCTGCGTTCTTCATCGATGC,SS4-10N-S32,102742,no_data,SS4-10N,4,White_Fir,Sarcodes,10,SS4-10N-S32,Soil,1
SS4-10S-S28,R1,CTTGGTCATTTAGAGGAAGTAA,no_data,GCTGCGTTCTTCATCGATGC,SS4-10S-S28,67204,no_data,SS4-10S,4,White_Fir,Sarcodes,10,SS4-10S-S28,Soil,2
SS4-50N-S31,R1,CTTGGTCATTTAGAGGAAGTAA,no_data,GCTGCGTTCTTCATCGATGC,SS4-50N-S31,190255,no_data,SS4-50N,4,White_Fir,Sarcodes,50,SS4-50N-S31,Soil,1
SS4-50S-S27,R1,CTTGGTCATTTAGAGGAAGTAA,no_data,GCTGCGTTCTTCATCGATGC,SS4-50S-S27,50818,no_data,SS4-50S,4,White_Fir,Sarcodes,50,SS4-50S-S27,Soil,2
SS4-100N-S30,R1,CTTGGTCATTTAGAGGAAGTAA,no_data,GCTGCGTTCTTCATCGATGC,SS4-100N-S30,147095,no_data,SS4-100N,4,White_Fir,Sarcodes,100,SS4-100N-S30,Soil,1
SS4-100S-S26,R1,CTTGGTCATTTAGAGGAAGTAA,no_data,GCTGCGTTCTTCATCGATGC,SS4-100S-S26,35618,no_data,SS4-100S,4,White_Fir,Sarcodes,100,SS4-100S-S26,Soil,2
SS4-500N-S29,R1,CTTGGTCATTTAGAGGAAGTAA,no_data,GCTGCGTTCTTCATCGATGC,SS4-500N-S29,138184,no_data,SS4-500N,4,White_Fir,Sarcodes,500,SS4-500N-S29,Soil,1
SS4-500S-S25,R1,CTTGGTCATTTAGAGGAAGTAA,no_data,GCTGCGTTCTTCATCGATGC,SS4-500S-S25,61282,no_data,SS4-500S,4,White_Fir,Sarcodes,500,SS4-500S-S25,Soil,2
SS5-10E-S36,R1,CTTGGTCATTTAGAGGAAGTAA,no_data,GCTGCGTTCTTCATCGATGC,SS5-10E-S36,130550,no_data,SS5-10E,5,White_Fir,Sarcodes,10,SS5-10E-S36,Soil,1
SS5-10S-S40,R1,CTTGGTCATTTAGAGGAAGTAA,no_data,GCTGCGTTCTTCATCGATGC,SS5-10S-S40,93529,no_data,SS5-10S,5,White_Fir,Sarcodes,10,SS5-10S-S40,Soil,2
SS5-50E-S35,R1,CTTGGTCATTTAGAGGAAGTAA,no_data,GCTGCGTTCTTCATCGATGC,SS5-50E-S35,95481,no_data,SS5-50E,5,White_Fir,Sarcodes,50,SS5-50E-S35,Soil,1
SS5-50S-S39,R1,CTTGGTCATTTAGAGGAAGTAA,no_data,GCTGCGTTCTTCATCGATGC,SS5-50S-S39,91290,no_data,SS5-50S,5,White_Fir,Sarcodes,50,SS5-50S-S39,Soil,2
SS5-100E-S34,R1,CTTGGTCATTTAGAGGAAGTAA,no_data,GCTGCGTTCTTCATCGATGC,SS5-100E-S34,106494,no_data,SS5-100E,5,White_Fir,Sarcodes,100,SS5-100E-S34,Soil,1
SS5-100S-S38,R1,CTTGGTCATTTAGAGGAAGTAA,no_data,GCTGCGTTCTTCATCGATGC,SS5-100S-S38,84784,no_data,SS5-100S,5,White_Fir,Sarcodes,100,SS5-100S-S38,Soil,2
SS5-500E-S33,R1,CTTGGTCATTTAGAGGAAGTAA,no_data,GCTGCGTTCTTCATCGATGC,SS5-500E-S33,115512,no_data,SS5-500E,5,White_Fir,Sarcodes,500,SS5-500E-S33,Soil,1
SS5-500S-S37,R1,CTTGGTCATTTAGAGGAAGTAA,no_data,GCTGCGTTCTTCATCGATGC,SS5-500S-S37,58383,no_data,SS5-500S,5,White_Fir,Sarcodes,500,SS5-500S-S37,Soil,2
SS6-10S-S48,R1,CTTGGTCATTTAGAGGAAGTAA,no_data,GCTGCGTTCTTCATCGATGC,SS6-10S-S48,111239,no_data,SS6-10S,6,White_Fir,Sarcodes,10,SS6-10S-S48,Soil,1
SS6-10W-S44,R1,CTTGGTCATTTAGAGGAAGTAA,no_data,GCTGCGTTCTTCATCGATGC,SS6-10W-S44,140215,no_data,SS6-10W,6,White_Fir,Sarcodes,10,SS6-10W-S44,Soil,2
SS6-50S-S47,R1,CTTGGTCATTTAGAGGAAGTAA,no_data,GCTGCGTTCTTCATCGATGC,SS6-50S-S47,134474,no_data,SS6-50S,6,White_Fir,Sarcodes,50,SS6-50S-S47,Soil,1
SS6-50W-S43,R1,CTTGGTCATTTAGAGGAAGTAA,no_data,GCTGCGTTCTTCATCGATGC,SS6-50W-S43,41,no_data,SS6-50W,6,White_Fir,Sarcodes,50,SS6-50W-S43,Soil,2
SS6-100S-S46,R1,CTTGGTCATTTAGAGGAAGTAA,no_data,GCTGCGTTCTTCATCGATGC,SS6-100S-S46,94415,no_data,SS6-100S,6,White_Fir,Sarcodes,100,SS6-100S-S46,Soil,1
SS6-100W-S42,R1,CTTGGTCATTTAGAGGAAGTAA,no_data,GCTGCGTTCTTCATCGATGC,SS6-100W-S42,117063,no_data,SS6-100W,6,White_Fir,Sarcodes,100,SS6-100W-S42,Soil,2
SS6-500S-S45,R1,CTTGGTCATTTAGAGGAAGTAA,no_data,GCTGCGTTCTTCATCGATGC,SS6-500S-S45,163790,no_data,SS6-500S,6,White_Fir,Sarcodes,500,SS6-500S-S45,Soil,1
SS6-500W-S41,R1,CTTGGTCATTTAGAGGAAGTAA,no_data,GCTGCGTTCTTCATCGATGC,SS6-500W-S41,118598,no_data,SS6-500W,6,White_Fir,Sarcodes,500,SS6-500W-S41,Soil,2
SSRB1-S56,R1,CTTGGTCATTTAGAGGAAGTAA,no_data,GCTGCGTTCTTCATCGATGC,SSRB1-S56,135827,no_data,SSRB1,1,White_Fir,Sarcodes,0,SSRB1-S56,Soil,0
SSRB2-S55,R1,CTTGGTCATTTAGAGGAAGTAA,no_data,GCTGCGTTCTTCATCGATGC,SSRB2-S55,119130,no_data,SSRB2,2,White_Fir,Sarcodes,0,SSRB2-S55,Soil,0
SSRB3-S54,R1,CTTGGTCATTTAGAGGAAGTAA,no_data,GCTGCGTTCTTCATCGATGC,SSRB3-S54,108467,no_data,SSRB3,3,White_Fir,Sarcodes,0,SSRB3-S54,Soil,0
SSRB4-S53,R1,CTTGGTCATTTAGAGGAAGTAA,no_data,GCTGCGTTCTTCATCGATGC,SSRB4-S53,135163,no_data,SSRB4,4,White_Fir,Sarcodes,0,SSRB4-S53,Soil,0
SSRB5-S52,R1,CTTGGTCATTTAGAGGAAGTAA,no_data,GCTGCGTTCTTCATCGATGC,SSRB5-S52,133214,no_data,SSRB5,5,White_Fir,Sarcodes,0,SSRB5-S52,Soil,0
SSRB6-S51,R1,CTTGGTCATTTAGAGGAAGTAA,no_data,GCTGCGTTCTTCATCGATGC,SSRB6-S51,198019,no_data,SSRB6,6,White_Fir,Sarcodes,0,SSRB6-S51,Soil,0
